/couple-hostels-in-bannerghatta_road-bangalore,bannerghatta_road
/couple-hostels-in-bellandur-bangalore,bellandur
/couple-hostels-in-btm_layout-bangalore,btm_layout
/couple-hostels-in-electronic_city-bangalore,electronic_city
/couple-hostels-in-harlur_road-bangalore,harlur_road
/couple-hostels-in-hoodi-bangalore,hoodi
/couple-hostels-in-hsr_layout-bangalore,hsr_layout
/couple-hostels-in-hulimavu-bangalore,hulimavu
/couple-hostels-in-jp_nagar-bangalore,jp_nagar
/couple-hostels-in-kadugodi-bangalore,kadugodi
/couple-hostels-in-kasavanahalli-bangalore,kasavanahalli
/couple-hostels-in-kattigenahalli-bangalore,kattigenahalli
/couple-hostels-in-kodihalli-bangalore,kodihalli
/couple-hostels-in-koramangala-bangalore,koramangala
/couple-hostels-in-kundalahalli-bangalore,kundalahalli
/couple-hostels-in-manyata-bangalore,manyata
/couple-hostels-in-marathahalli-bangalore,marathahalli
/couple-hostels-in-maruthi_nagar-bangalore,maruthi_nagar
/couple-hostels-in-munnekolala-bangalore,munnekolala
/couple-hostels-in-mylasandra-bangalore,mylasandra
/couple-hostels-in-nagawara-bangalore,nagawara
/couple-hostels-in-panathur_road-bangalore,panathur_road
/couple-hostels-in-peenya-bangalore,peenya
/couple-hostels-in-rachenahalli-bangalore,rachenahalli
/couple-hostels-in-rt_nagar-bangalore,rt_nagar
/couple-hostels-in-sanjay_nagar-bangalore,sanjay_nagar
/couple-hostels-in-sarjapur-bangalore,sarjapur
/couple-hostels-in-sg_palya-bangalore,sg_palya
/couple-hostels-in-tavarekere-bangalore,tavarekere
/couple-hostels-in-thanisandra-bangalore,thanisandra
/couple-hostels-in-veerannapalya-bangalore,veerannapalya
/couple-hostels-in-whitefield-bangalore,whitefield
/couple-hostels-in-yeshwantpur-bangalore,yeshwantpur
/couple-pgs-in-bangalore,bangalore
/couple-pgs-in-bannerghatta_road-bangalore,bannerghatta_road
/couple-pgs-in-bellandur-bangalore,bellandur
/couple-pgs-in-btm_layout-bangalore,btm_layout
/couple-pgs-in-electronic_city-bangalore,electronic_city
/couple-pgs-in-harlur_road-bangalore,harlur_road
/couple-pgs-in-hoodi-bangalore,hoodi
/couple-pgs-in-hsr_layout-bangalore,hsr_layout
/couple-pgs-in-hulimavu-bangalore,hulimavu
/couple-pgs-in-jp_nagar-bangalore,jp_nagar
/couple-pgs-in-kadugodi-bangalore,kadugodi
/couple-pgs-in-kasavanahalli-bangalore,kasavanahalli
/couple-pgs-in-kattigenahalli-bangalore,kattigenahalli
/couple-pgs-in-kodihalli-bangalore,kodihalli
/couple-pgs-in-koramangala-bangalore,koramangala
/couple-pgs-in-kundalahalli-bangalore,kundalahalli
/couple-pgs-in-manyata-bangalore,manyata
/couple-pgs-in-marathahalli-bangalore,marathahalli
/couple-pgs-in-maruthi_nagar-bangalore,maruthi_nagar
/couple-pgs-in-munnekolala-bangalore,munnekolala
/couple-pgs-in-mylasandra-bangalore,mylasandra
/couple-pgs-in-nagawara-bangalore,nagawara
/couple-pgs-in-panathur_road-bangalore,panathur_road
/couple-pgs-in-peenya-bangalore,peenya
/couple-pgs-in-rachenahalli-bangalore,rachenahalli
/couple-pgs-in-rt_nagar-bangalore,rt_nagar
/couple-pgs-in-sanjay_nagar-bangalore,sanjay_nagar
/couple-pgs-in-sarjapur-bangalore,sarjapur
/couple-pgs-in-sg_palya-bangalore,sg_palya
/couple-pgs-in-tavarekere-bangalore,tavarekere
/couple-pgs-in-thanisandra-bangalore,thanisandra
/couple-pgs-in-veerannapalya-bangalore,veerannapalya
/couple-pgs-in-whitefield-bangalore,whitefield
/couple-pgs-in-yeshwantpur-bangalore,yeshwantpur
/couple-single-room-for-rent-in-bangalore,
/couple-single-room-for-rent-in-bannerghatta_road-bangalore,bannerghatta_road
/couple-single-room-for-rent-in-bellandur-bangalore,bellandur
/couple-single-room-for-rent-in-btm_layout-bangalore,btm_layout
/couple-single-room-for-rent-in-electronic_city-bangalore,electronic_city
/couple-single-room-for-rent-in-harlur_road-bangalore,harlur_road
/couple-single-room-for-rent-in-hoodi-bangalore,hoodi
/couple-single-room-for-rent-in-hsr_layout-bangalore,hsr_layout
/couple-single-room-for-rent-in-hulimavu-bangalore,hulimavu
/couple-single-room-for-rent-in-jp_nagar-bangalore,jp_nagar
/couple-single-room-for-rent-in-kadugodi-bangalore,kadugodi
/couple-single-room-for-rent-in-kasavanahalli-bangalore,kasavanahalli
/couple-single-room-for-rent-in-kattigenahalli-bangalore,kattigenahalli
/couple-single-room-for-rent-in-kodihalli-bangalore,kodihalli
/couple-single-room-for-rent-in-koramangala-bangalore,koramangala
/couple-single-room-for-rent-in-kundalahalli-bangalore,kundalahalli
/couple-single-room-for-rent-in-manyata-bangalore,manyata
/couple-single-room-for-rent-in-marathahalli-bangalore,marathahalli
/couple-single-room-for-rent-in-maruthi_nagar-bangalore,maruthi_nagar
/couple-single-room-for-rent-in-munnekolala-bangalore,munnekolala
/couple-single-room-for-rent-in-mylasandra-bangalore,mylasandra
/couple-single-room-for-rent-in-nagawara-bangalore,nagawara
/couple-single-room-for-rent-in-panathur_road-bangalore,panathur_road
/couple-single-room-for-rent-in-peenya-bangalore,peenya
/couple-single-room-for-rent-in-rachenahalli-bangalore,rachenahalli
/couple-single-room-for-rent-in-rt_nagar-bangalore,rt_nagar
/couple-single-room-for-rent-in-sanjay_nagar-bangalore,sarjapur
/couple-single-room-for-rent-in-sarjapur-bangalore,sg_palya
/couple-single-room-for-rent-in-sg_palya-bangalore,soladevanahalli
/couple-single-room-for-rent-in-tavarekere-bangalore,tavarekere
/couple-single-room-for-rent-in-thanisandra-bangalore,thanisandra
/couple-single-room-for-rent-in-veerannapalya-bangalore,veerannapalya
/couple-single-room-for-rent-in-whitefield-bangalore,whitefield
/couple-single-room-for-rent-in-yeshwantpur-bangalore,yeshwantpur
/men-hostels-in-bangalore,bangalore
/men-hostels-in-bannerghatta_road-bangalore,bannerghatta_road
/men-hostels-in-bellandur-bangalore,bellandur
/men-hostels-in-btm_layout-bangalore,btm_layout
/men-hostels-in-electronic_city-bangalore,electronic_city
/men-hostels-in-harlur_road-bangalore,harlur_road
/men-hostels-in-hoodi-bangalore,hoodi
/men-hostels-in-hsr_layout-bangalore,hsr_layout
/men-hostels-in-hulimavu-bangalore,hulimavu
/men-hostels-in-immadahalli-bangalore,immadahalli
/men-hostels-in-jp_nagar-bangalore,jp_nagar
/men-hostels-in-kadugodi-bangalore,kadugodi
/men-hostels-in-kasavanahalli-bangalore,kasavanahalli
/men-hostels-in-kattigenahalli-bangalore,kattigenahalli
/men-hostels-in-kodihalli-bangalore,kodihalli
/men-hostels-in-koramangala-bangalore,koramangala
/men-hostels-in-kundalahalli-bangalore,kundalahalli
/men-hostels-in-manyata-bangalore,manyata
/men-hostels-in-marathahalli-bangalore,marathahalli
/men-hostels-in-maruthi_nagar-bangalore,maruthi_nagar
/men-hostels-in-munnekolala-bangalore,munnekolala
/men-hostels-in-mylasandra-bangalore,mylasandra
/men-hostels-in-nagawara-bangalore,nagawara
/men-hostels-in-panathur_road-bangalore,panathur_road
/men-hostels-in-peenya-bangalore,peenya
/men-hostels-in-rachenahalli-bangalore,rachenahalli
/men-hostels-in-rr_nagar-bangalore,rr_nagar
/men-hostels-in-rt_nagar-bangalore,rt_nagar
/men-hostels-in-sarjapur-bangalore,sarjapur
/men-hostels-in-sg_palya-bangalore,sg_palya
/men-hostels-in-soladevanahalli-bangalore,soladevanahalli
/men-hostels-in-tavarekere-bangalore,tavarekere
/men-hostels-in-thanisandra-bangalore,thanisandra
/men-hostels-in-veerannapalya-bangalore,veerannapalya
/men-hostels-in-whitefield-bangalore,whitefield
/men-hostels-in-yeshwantpur-bangalore,yeshwantpur
/men-pgs-in-bangalore,bangalore
/men-pgs-in-bannerghatta_road-bangalore,bannerghatta_road
/men-pgs-in-bellandur-bangalore,bellandur
/men-pgs-in-btm_layout-bangalore,btm_layout
/men-pgs-in-electronic_city-bangalore,electronic_city
/men-pgs-in-harlur_road-bangalore,harlur_road
/men-pgs-in-hoodi-bangalore,hoodi
/men-pgs-in-hsr_layout-bangalore,hsr_layout
/men-pgs-in-hulimavu-bangalore,hulimavu
/men-pgs-in-immadahalli-bangalore,immadahalli
/men-pgs-in-jp_nagar-bangalore,jp_nagar
/men-pgs-in-kadugodi-bangalore,kadugodi
/men-pgs-in-kasavanahalli-bangalore,kasavanahalli
/men-pgs-in-kattigenahalli-bangalore,kattigenahalli
/men-pgs-in-kodihalli-bangalore,kodihalli
/men-pgs-in-koramangala-bangalore,koramangala
/men-pgs-in-kundalahalli-bangalore,kundalahalli
/men-pgs-in-manyata-bangalore,manyata
/men-pgs-in-marathahalli-bangalore,marathahalli
/men-pgs-in-maruthi_nagar-bangalore,maruthi_nagar
/men-pgs-in-munnekolala-bangalore,munnekolala
/men-pgs-in-mylasandra-bangalore,mylasandra
/men-pgs-in-nagawara-bangalore,nagawara
/men-pgs-in-panathur_road-bangalore,panathur_road
/men-pgs-in-peenya-bangalore,peenya
/men-pgs-in-rachenahalli-bangalore,rachenahalli
/men-pgs-in-rr_nagar-bangalore,rr_nagar
/men-pgs-in-rt_nagar-bangalore,rt_nagar
/men-pgs-in-sarjapur-bangalore,sarjapur
/men-pgs-in-sg_palya-bangalore,sg_palya
/men-pgs-in-soladevanahalli-bangalore,soladevanahalli
/men-pgs-in-tavarekere-bangalore,tavarekere
/men-pgs-in-thanisandra-bangalore,thanisandra
/men-pgs-in-veerannapalya-bangalore,veerannapalya
/men-pgs-in-whitefield-bangalore,whitefield
/men-pgs-in-yeshwantpur-bangalore,yeshwantpur
/men-single-room-for-rent-in-bangalore,
/men-single-room-for-rent-in-bannerghatta_road-bangalore,bannerghatta_road
/men-single-room-for-rent-in-bellandur-bangalore,bellandur
/men-single-room-for-rent-in-btm_layout-bangalore,btm_layout
/men-single-room-for-rent-in-electronic_city-bangalore,electronic_city
/men-single-room-for-rent-in-harlur_road-bangalore,harlur_road
/men-single-room-for-rent-in-hoodi-bangalore,hoodi
/men-single-room-for-rent-in-hsr_layout-bangalore,hsr_layout
/men-single-room-for-rent-in-hulimavu-bangalore,hulimavu
/men-single-room-for-rent-in-immadahalli-bangalore,
/men-single-room-for-rent-in-jp_nagar-bangalore,jp_nagar
/men-single-room-for-rent-in-kadugodi-bangalore,kadugodi
/men-single-room-for-rent-in-kasavanahalli-bangalore,kasavanahalli
/men-single-room-for-rent-in-kattigenahalli-bangalore,kattigenahalli
/men-single-room-for-rent-in-kodihalli-bangalore,kodihalli
/men-single-room-for-rent-in-koramangala-bangalore,koramangala
/men-single-room-for-rent-in-kundalahalli-bangalore,kundalahalli
/men-single-room-for-rent-in-manyata-bangalore,manyata
/men-single-room-for-rent-in-marathahalli-bangalore,marathahalli
/men-single-room-for-rent-in-maruthi_nagar-bangalore,maruthi_nagar
/men-single-room-for-rent-in-munnekolala-bangalore,munnekolala
/men-single-room-for-rent-in-mylasandra-bangalore,mylasandra
/men-single-room-for-rent-in-nagawara-bangalore,nagawara
/men-single-room-for-rent-in-panathur_road-bangalore,panathur_road
/men-single-room-for-rent-in-peenya-bangalore,peenya
/men-single-room-for-rent-in-rachenahalli-bangalore,rachenahalli
/men-single-room-for-rent-in-rt_nagar-bangalore,rt_nagar
/men-single-room-for-rent-in-sarjapur-bangalore,sanjay_nagar
/men-single-room-for-rent-in-sg_palya-bangalore,sarjapur
/men-single-room-for-rent-in-soladevanahalli-bangalore,sg_palya
/men-single-room-for-rent-in-tavarekere-bangalore,tavarekere
/men-single-room-for-rent-in-thanisandra-bangalore,thanisandra
/men-single-room-for-rent-in-veerannapalya-bangalore,veerannapalya
/men-single-room-for-rent-in-whitefield-bangalore,whitefield
/men-single-room-for-rent-in-yeshwantpur-bangalore,yeshwantpur
/women-hostels-in-bangalore,
/women-hostels-in-bannerghatta_road-bangalore,bannerghatta_road
/women-hostels-in-bellandur-bangalore,bellandur
/women-hostels-in-btm_layout-bangalore,btm_layout
/women-hostels-in-electronic_city-bangalore,electronic_city
/women-hostels-in-harlur_road-bangalore,harlur_road
/women-hostels-in-hoodi-bangalore,hoodi
/women-hostels-in-hsr_layout-bangalore,hsr_layout
/women-hostels-in-hulimavu-bangalore,hulimavu
/women-hostels-in-jp_nagar-bangalore,jp_nagar
/women-hostels-in-kadugodi-bangalore,kadugodi
/women-hostels-in-kasavanahalli-bangalore,kasavanahalli
/women-hostels-in-kattigenahalli-bangalore,kattigenahalli
/women-hostels-in-kodihalli-bangalore,kodihalli
/women-hostels-in-koramangala-bangalore,koramangala
/women-hostels-in-kundalahalli-bangalore,kundalahalli
/women-hostels-in-manyata-bangalore,manyata
/women-hostels-in-marathahalli-bangalore,marathahalli
/women-hostels-in-maruthi_nagar-bangalore,maruthi_nagar
/women-hostels-in-munnekolala-bangalore,munnekolala
/women-hostels-in-mylasandra-bangalore,mylasandra
/women-hostels-in-nagawara-bangalore,nagawara
/women-hostels-in-panathur_road-bangalore,panathur_road
/women-hostels-in-peenya-bangalore,peenya
/women-hostels-in-rachenahalli-bangalore,rachenahalli
/women-hostels-in-rt_nagar-bangalore,rt_nagar
/women-hostels-in-sarjapur-bangalore,sarjapur
/women-hostels-in-sg_palya-bangalore,sg_palya
/women-hostels-in-tavarekere-bangalore,tavarekere
/women-hostels-in-thanisandra-bangalore,thanisandra
/women-hostels-in-veerannapalya-bangalore,veerannapalya
/women-hostels-in-whitefield-bangalore,whitefield
/women-hostels-in-yeshwantpur-bangalore,yeshwantpur
/women-pgs-in-bangalore,bangalore
/women-pgs-in-bannerghatta_road-bangalore,bannerghatta_road
/women-pgs-in-bellandur-bangalore,bellandur
/women-pgs-in-btm_layout-bangalore,btm_layout
/women-pgs-in-electronic_city-bangalore,electronic_city
/women-pgs-in-harlur_road-bangalore,harlur_road
/women-pgs-in-hoodi-bangalore,hoodi
/women-pgs-in-hsr_layout-bangalore,hsr_layout
/women-pgs-in-hulimavu-bangalore,hulimavu
/women-pgs-in-jp_nagar-bangalore,jp_nagar
/women-pgs-in-kadugodi-bangalore,kadugodi
/women-pgs-in-kasavanahalli-bangalore,kasavanahalli
/women-pgs-in-kattigenahalli-bangalore,kattigenahalli
/women-pgs-in-kodihalli-bangalore,kodihalli
/women-pgs-in-koramangala-bangalore,koramangala
/women-pgs-in-kundalahalli-bangalore,kundalahalli
/women-pgs-in-manyata-bangalore,manyata
/women-pgs-in-marathahalli-bangalore,marathahalli
/women-pgs-in-maruthi_nagar-bangalore,maruthi_nagar
/women-pgs-in-munnekolala-bangalore,munnekolala
/women-pgs-in-mylasandra-bangalore,mylasandra
/women-pgs-in-nagawara-bangalore,nagawara
/women-pgs-in-panathur_road-bangalore,panathur_road
/women-pgs-in-peenya-bangalore,peenya
/women-pgs-in-rachenahalli-bangalore,rachenahalli
/women-pgs-in-rt_nagar-bangalore,rt_nagar
/women-pgs-in-sarjapur-bangalore,sarjapur
/women-pgs-in-sg_palya-bangalore,sg_palya
/women-pgs-in-tavarekere-bangalore,tavarekere
/women-pgs-in-thanisandra-bangalore,thanisandra
/women-pgs-in-veerannapalya-bangalore,veerannapalya
/women-pgs-in-whitefield-bangalore,whitefield
/women-pgs-in-yeshwantpur-bangalore,yeshwantpur
/women-single-room-for-rent-in-bangalore,
/women-single-room-for-rent-in-bannerghatta_road-bangalore,bannerghatta_road
/women-single-room-for-rent-in-bellandur-bangalore,bellandur
/women-single-room-for-rent-in-btm_layout-bangalore,btm_layout
/women-single-room-for-rent-in-electronic_city-bangalore,electronic_city
/women-single-room-for-rent-in-harlur_road-bangalore,harlur_road
/women-single-room-for-rent-in-hoodi-bangalore,hoodi
/women-single-room-for-rent-in-hsr_layout-bangalore,hsr_layout
/women-single-room-for-rent-in-hulimavu-bangalore,hulimavu
/women-single-room-for-rent-in-jp_nagar-bangalore,jp_nagar
/women-single-room-for-rent-in-kadugodi-bangalore,kadugodi
/women-single-room-for-rent-in-kasavanahalli-bangalore,kasavanahalli
/women-single-room-for-rent-in-kattigenahalli-bangalore,kattigenahalli
/women-single-room-for-rent-in-kodihalli-bangalore,kodihalli
/women-single-room-for-rent-in-koramangala-bangalore,koramangala
/women-single-room-for-rent-in-kundalahalli-bangalore,kundalahalli
/women-single-room-for-rent-in-manyata-bangalore,manyata
/women-single-room-for-rent-in-marathahalli-bangalore,marathahalli
/women-single-room-for-rent-in-maruthi_nagar-bangalore,maruthi_nagar
/women-single-room-for-rent-in-munnekolala-bangalore,munnekolala
/women-single-room-for-rent-in-mylasandra-bangalore,mylasandra
/women-single-room-for-rent-in-nagawara-bangalore,nagawara
/women-single-room-for-rent-in-panathur_road-bangalore,panathur_road
/women-single-room-for-rent-in-peenya-bangalore,peenya
/women-single-room-for-rent-in-rachenahalli-bangalore,rachenahalli
/women-single-room-for-rent-in-rt_nagar-bangalore,rt_nagar
/women-single-room-for-rent-in-sarjapur-bangalore,sarjapur
/women-single-room-for-rent-in-sg_palya-bangalore,sg_palya
/women-single-room-for-rent-in-tavarekere-bangalore,tavarekere
/women-single-room-for-rent-in-thanisandra-bangalore,thanisandra
/women-single-room-for-rent-in-veerannapalya-bangalore,veerannapalya
/women-single-room-for-rent-in-whitefield-bangalore,whitefield
/women-single-room-for-rent-in-yeshwantpur-bangalore,yeshwantpur